timestamp,bid,ask,tick_timestamp
2021-04-13 16:50:27,6671576.0,6672406.0,2021-04-13 16:50:27
2021-04-13 16:50:31,6671222.0,6671249.0,2021-04-13 16:50:31
2021-04-13 16:50:34,6672737.0,6673804.0,2021-04-13 16:50:34
2021-04-13 16:50:37,6672737.0,6673804.0,2021-04-13 16:50:37
2021-04-13 16:50:40,6674062.0,6675303.0,2021-04-13 16:50:40
2021-04-13 16:50:43,6674072.0,6675303.0,2021-04-13 16:50:43
2021-04-13 16:50:46,6672501.0,6674827.0,2021-04-13 16:50:46
2021-04-13 16:50:49,6673751.0,6675303.0,2021-04-13 16:50:49
2021-04-13 16:50:52,6674113.0,6675303.0,2021-04-13 16:50:52
2021-04-13 16:50:55,6675143.0,6676249.0,2021-04-13 16:50:55
2021-04-13 16:50:58,6674109.0,6676239.0,2021-04-13 16:50:58
2021-04-13 16:51:01,6673780.0,6676239.0,2021-04-13 16:51:01
2021-04-13 16:51:04,6673795.0,6676229.0,2021-04-13 16:51:04
2021-04-13 16:51:07,6673801.0,6676219.0,2021-04-13 16:51:07
2021-04-13 16:51:10,6674216.0,6676219.0,2021-04-13 16:51:10
2021-04-13 16:51:13,6674195.0,6675908.0,2021-04-13 16:51:13
2021-04-13 16:51:17,6674195.0,6675908.0,2021-04-13 16:51:16
2021-04-13 16:51:20,6673751.0,6675467.0,2021-04-13 16:51:20
2021-04-13 16:51:23,6673751.0,6675196.0,2021-04-13 16:51:23
2021-04-13 16:51:26,6672502.0,6674458.0,2021-04-13 16:51:26
2021-04-13 16:51:29,6672502.0,6674239.0,2021-04-13 16:51:29
2021-04-13 16:51:32,6672522.0,6674867.0,2021-04-13 16:51:32
2021-04-13 16:51:35,6672753.0,6674997.0,2021-04-13 16:51:35
2021-04-13 16:51:38,6672501.0,6674639.0,2021-04-13 16:51:38
2021-04-13 16:51:41,6672501.0,6674570.0,2021-04-13 16:51:41
2021-04-13 16:51:44,6672709.0,6674564.0,2021-04-13 16:51:44
2021-04-13 16:51:47,6672719.0,6674558.0,2021-04-13 16:51:47
2021-04-13 16:51:50,6673258.0,6674848.0,2021-04-13 16:51:50
2021-04-13 16:51:53,6674148.0,6674999.0,2021-04-13 16:51:53
2021-04-13 16:51:56,6674849.0,6676756.0,2021-04-13 16:51:56
2021-04-13 16:51:59,6674025.0,6676753.0,2021-04-13 16:51:59
2021-04-13 16:52:02,6675177.0,6676753.0,2021-04-13 16:52:02
2021-04-13 16:52:05,6677573.0,6678560.0,2021-04-13 16:52:05
2021-04-13 16:52:08,6676732.0,6678545.0,2021-04-13 16:52:08
2021-04-13 16:52:11,6676733.0,6678545.0,2021-04-13 16:52:11
2021-04-13 16:52:15,6677800.0,6678801.0,2021-04-13 16:52:14
2021-04-13 16:52:18,6676252.0,6677307.0,2021-04-13 16:52:18
2021-04-13 16:52:21,6677501.0,6679552.0,2021-04-13 16:52:21
2021-04-13 16:52:24,6677773.0,6681245.0,2021-04-13 16:52:24
2021-04-13 16:52:27,6678085.0,6680868.0,2021-04-13 16:52:27
2021-04-13 16:52:30,6677797.0,6678882.0,2021-04-13 16:52:30
2021-04-13 16:52:33,6677797.0,6679999.0,2021-04-13 16:52:33
2021-04-13 16:52:36,6677917.0,6679999.0,2021-04-13 16:52:36
2021-04-13 16:52:39,6678006.0,6679999.0,2021-04-13 16:52:39
2021-04-13 16:52:42,6679442.0,6682370.0,2021-04-13 16:52:42
2021-04-13 16:52:45,6679601.0,6681792.0,2021-04-13 16:52:45
2021-04-13 16:52:48,6679436.0,6682367.0,2021-04-13 16:52:48
2021-04-13 16:52:51,6679446.0,6682367.0,2021-04-13 16:52:51
2021-04-13 16:52:54,6679002.0,6682312.0,2021-04-13 16:52:54
2021-04-13 16:52:57,6680438.0,6682302.0,2021-04-13 16:52:57
2021-04-13 16:53:00,6681849.0,6683357.0,2021-04-13 16:53:00
2021-04-13 16:53:03,6683066.0,6683750.0,2021-04-13 16:53:03
2021-04-13 16:53:06,6683009.0,6683819.0,2021-04-13 16:53:06
2021-04-13 16:53:10,6683021.0,6683768.0,2021-04-13 16:53:09
2021-04-13 16:53:13,6683027.0,6683819.0,2021-04-13 16:53:13
2021-04-13 16:53:16,6685056.0,6687727.0,2021-04-13 16:53:16
2021-04-13 16:53:19,6685324.0,6687723.0,2021-04-13 16:53:19
2021-04-13 16:53:22,6685001.0,6685271.0,2021-04-13 16:53:22
2021-04-13 16:53:25,6683884.0,6685265.0,2021-04-13 16:53:25
2021-04-13 16:53:28,6686308.0,6687463.0,2021-04-13 16:53:28
2021-04-13 16:53:31,6688518.0,6688640.0,2021-04-13 16:53:31
2021-04-13 16:53:34,6687073.0,6687286.0,2021-04-13 16:53:34
2021-04-13 16:53:37,6685001.0,6686727.0,2021-04-13 16:53:37
2021-04-13 16:53:40,6683971.0,6686533.0,2021-04-13 16:53:40
2021-04-13 16:53:43,6684065.0,6686251.0,2021-04-13 16:53:43
2021-04-13 16:53:46,6683983.0,6686022.0,2021-04-13 16:53:46
2021-04-13 16:53:49,6685072.0,6686131.0,2021-04-13 16:53:49
2021-04-13 16:53:52,6685043.0,6686726.0,2021-04-13 16:53:52
2021-04-13 16:53:55,6685826.0,6686726.0,2021-04-13 16:53:55
2021-04-13 16:53:58,6685043.0,6686726.0,2021-04-13 16:53:58
2021-04-13 16:54:02,6685816.0,6686726.0,2021-04-13 16:54:01
2021-04-13 16:54:05,6686052.0,6689559.0,2021-04-13 16:54:05
2021-04-13 16:54:08,6685584.0,6688635.0,2021-04-13 16:54:08
2021-04-13 16:54:11,6685584.0,6688318.0,2021-04-13 16:54:11
2021-04-13 16:54:14,6685880.0,6688126.0,2021-04-13 16:54:14
2021-04-13 16:54:17,6685890.0,6687896.0,2021-04-13 16:54:17
2021-04-13 16:54:20,6681920.0,6682750.0,2021-04-13 16:54:20
2021-04-13 16:54:23,6681252.0,6682590.0,2021-04-13 16:54:23
2021-04-13 16:54:26,6680800.0,6681881.0,2021-04-13 16:54:26
2021-04-13 16:54:29,6680800.0,6681875.0,2021-04-13 16:54:29
2021-04-13 16:54:32,6680800.0,6681857.0,2021-04-13 16:54:32
2021-04-13 16:54:35,6680800.0,6681845.0,2021-04-13 16:54:35
2021-04-13 16:54:38,6679680.0,6680981.0,2021-04-13 16:54:38
2021-04-13 16:54:41,6678808.0,6681249.0,2021-04-13 16:54:41
2021-04-13 16:54:44,6682485.0,6683475.0,2021-04-13 16:54:44
2021-04-13 16:54:47,6684629.0,6684999.0,2021-04-13 16:54:47
2021-04-13 16:54:50,6684370.0,6686249.0,2021-04-13 16:54:50
2021-04-13 16:54:54,6684371.0,6686249.0,2021-04-13 16:54:53
2021-04-13 16:54:57,6684735.0,6686249.0,2021-04-13 16:54:57
2021-04-13 16:55:00,6687299.0,6687499.0,2021-04-13 16:55:00
2021-04-13 16:55:03,6690425.0,6692095.0,2021-04-13 16:55:03
2021-04-13 16:55:06,6690233.0,6690420.0,2021-04-13 16:55:06
2021-04-13 16:55:09,6689822.0,6690420.0,2021-04-13 16:55:09
2021-04-13 16:55:12,6689822.0,6690420.0,2021-04-13 16:55:12
2021-04-13 16:55:15,6691079.0,6693589.0,2021-04-13 16:55:15
2021-04-13 16:55:18,6691595.0,6693749.0,2021-04-13 16:55:18
2021-04-13 16:55:21,6691503.0,6693749.0,2021-04-13 16:55:21
2021-04-13 16:55:24,6693046.0,6693749.0,2021-04-13 16:55:24
2021-04-13 16:55:27,6693546.0,6694240.0,2021-04-13 16:55:27
2021-04-13 16:55:30,6693686.0,6695863.0,2021-04-13 16:55:30
2021-04-13 16:55:33,6694391.0,6696249.0,2021-04-13 16:55:33
2021-04-13 16:55:36,6694733.0,6696112.0,2021-04-13 16:55:36
2021-04-13 16:55:39,6694734.0,6696994.0,2021-04-13 16:55:39
2021-04-13 16:55:43,6695001.0,6696718.0,2021-04-13 16:55:42
2021-04-13 16:55:46,6695079.0,6696926.0,2021-04-13 16:55:46
2021-04-13 16:55:49,6695077.0,6697349.0,2021-04-13 16:55:49
2021-04-13 16:55:52,6695124.0,6696549.0,2021-04-13 16:55:52
2021-04-13 16:55:55,6694486.0,6696395.0,2021-04-13 16:55:55
2021-04-13 16:55:58,6695495.0,6696026.0,2021-04-13 16:55:58
2021-04-13 16:56:01,6695801.0,6696026.0,2021-04-13 16:56:01
2021-04-13 16:56:04,6695002.0,6696249.0,2021-04-13 16:56:04
2021-04-13 16:56:07,6696400.0,6698350.0,2021-04-13 16:56:07
2021-04-13 16:56:10,6696647.0,6697695.0,2021-04-13 16:56:10
2021-04-13 16:56:13,6696662.0,6698338.0,2021-04-13 16:56:13
2021-04-13 16:56:16,6696692.0,6698332.0,2021-04-13 16:56:16
2021-04-13 16:56:19,6696707.0,6698331.0,2021-04-13 16:56:19
2021-04-13 16:56:22,6696521.0,6698350.0,2021-04-13 16:56:22
2021-04-13 16:56:25,6695545.0,6698350.0,2021-04-13 16:56:25
2021-04-13 16:56:28,6695545.0,6698350.0,2021-04-13 16:56:28
2021-04-13 16:56:31,6695565.0,6697123.0,2021-04-13 16:56:31
2021-04-13 16:56:35,6692501.0,6692548.0,2021-04-13 16:56:34
2021-04-13 16:56:38,6692049.0,6694391.0,2021-04-13 16:56:38
2021-04-13 16:56:41,6692000.0,6695031.0,2021-04-13 16:56:41
2021-04-13 16:56:44,6691251.0,6691835.0,2021-04-13 16:56:44
2021-04-13 16:56:47,6688751.0,6689434.0,2021-04-13 16:56:47
2021-04-13 16:56:50,6688104.0,6689402.0,2021-04-13 16:56:50
2021-04-13 16:56:53,6688119.0,6691163.0,2021-04-13 16:56:53
2021-04-13 16:56:57,6687049.0,6687579.0,2021-04-13 16:56:56
2021-04-13 16:57:00,6686400.0,6686864.0,2021-04-13 16:57:00
2021-04-13 16:57:03,6684160.0,6685110.0,2021-04-13 16:57:03
2021-04-13 16:57:06,6684160.0,6684915.0,2021-04-13 16:57:06
2021-04-13 16:57:09,6683040.0,6683751.0,2021-04-13 16:57:09
2021-04-13 16:57:12,6681859.0,6682309.0,2021-04-13 16:57:12
2021-04-13 16:57:15,6681859.0,6682302.0,2021-04-13 16:57:15
2021-04-13 16:57:18,6681859.0,6682965.0,2021-04-13 16:57:18
2021-04-13 16:57:21,6677988.0,6680341.0,2021-04-13 16:57:21
2021-04-13 16:57:24,6679000.0,6679494.0,2021-04-13 16:57:24
2021-04-13 16:57:27,6679000.0,6679152.0,2021-04-13 16:57:27
2021-04-13 16:57:30,6677807.0,6679424.0,2021-04-13 16:57:30
2021-04-13 16:57:33,6678830.0,6679999.0,2021-04-13 16:57:33
2021-04-13 16:57:36,6677803.0,6679687.0,2021-04-13 16:57:36
2021-04-13 16:57:39,6677803.0,6678905.0,2021-04-13 16:57:39
2021-04-13 16:57:42,6678955.0,6679894.0,2021-04-13 16:57:42
2021-04-13 16:57:45,6678955.0,6679999.0,2021-04-13 16:57:45
2021-04-13 16:57:48,6681655.0,6684149.0,2021-04-13 16:57:48
2021-04-13 16:57:51,6681656.0,6684999.0,2021-04-13 16:57:51
2021-04-13 16:57:55,6681927.0,6685223.0,2021-04-13 16:57:54
2021-04-13 16:57:58,6682501.0,6682857.0,2021-04-13 16:57:58
2021-04-13 16:58:02,6681481.0,6682336.0,2021-04-13 16:58:02
2021-04-13 16:58:05,6677517.0,6677751.0,2021-04-13 16:58:05
2021-04-13 16:58:09,6677675.0,6679234.0,2021-04-13 16:58:09
2021-04-13 16:58:12,6676272.0,6678080.0,2021-04-13 16:58:12
2021-04-13 16:58:15,6676272.0,6677036.0,2021-04-13 16:58:15
2021-04-13 16:58:18,6676272.0,6676336.0,2021-04-13 16:58:18
2021-04-13 16:58:21,6674780.0,6677499.0,2021-04-13 16:58:21
2021-04-13 16:58:24,6674636.0,6677482.0,2021-04-13 16:58:24
2021-04-13 16:58:27,6674319.0,6677165.0,2021-04-13 16:58:27
2021-04-13 16:58:30,6674707.0,6676249.0,2021-04-13 16:58:30
2021-04-13 16:58:33,6678233.0,6679002.0,2021-04-13 16:58:33
2021-04-13 16:58:36,6678374.0,6680407.0,2021-04-13 16:58:36
2021-04-13 16:58:39,6677584.0,6680055.0,2021-04-13 16:58:39
2021-04-13 16:58:42,6678131.0,6680800.0,2021-04-13 16:58:42
2021-04-13 16:58:45,6680100.0,6680800.0,2021-04-13 16:58:45
2021-04-13 16:58:49,6680100.0,6680800.0,2021-04-13 16:58:49
2021-04-13 16:58:52,6680100.0,6681483.0,2021-04-13 16:58:52
2021-04-13 16:58:55,6680100.0,6681077.0,2021-04-13 16:58:55
2021-04-13 16:58:58,6677041.0,6678707.0,2021-04-13 16:58:58
2021-04-13 16:59:01,6676500.0,6678112.0,2021-04-13 16:59:01
2021-04-13 16:59:04,6676320.0,6677176.0,2021-04-13 16:59:04
2021-04-13 16:59:07,6676320.0,6677166.0,2021-04-13 16:59:07
2021-04-13 16:59:10,6676399.0,6677106.0,2021-04-13 16:59:10
2021-04-13 16:59:13,6676320.0,6676845.0,2021-04-13 16:59:13
2021-04-13 16:59:17,6676704.0,6676927.0,2021-04-13 16:59:17
2021-04-13 16:59:20,6680742.0,6680800.0,2021-04-13 16:59:20
2021-04-13 16:59:24,6680547.0,6682078.0,2021-04-13 16:59:24
2021-04-13 16:59:27,6683286.0,6684160.0,2021-04-13 16:59:27
2021-04-13 16:59:30,6683374.0,6684160.0,2021-04-13 16:59:30
2021-04-13 16:59:33,6682555.0,6684160.0,2021-04-13 16:59:33
2021-04-13 16:59:36,6683751.0,6684000.0,2021-04-13 16:59:36
2021-04-13 16:59:39,6681257.0,6683191.0,2021-04-13 16:59:39
2021-04-13 16:59:42,6681461.0,6683017.0,2021-04-13 16:59:42
2021-04-13 16:59:45,6681523.0,6683959.0,2021-04-13 16:59:45
2021-04-13 16:59:48,6680015.0,6681289.0,2021-04-13 16:59:48
2021-04-13 16:59:51,6680344.0,6683207.0,2021-04-13 16:59:51
2021-04-13 16:59:54,6682875.0,6683312.0,2021-04-13 16:59:54
2021-04-13 16:59:57,6682391.0,6683171.0,2021-04-13 16:59:57
2021-04-13 17:00:00,6684043.0,6684384.0,2021-04-13 17:00:00
2021-04-13 17:00:03,6684005.0,6684999.0,2021-04-13 17:00:03
2021-04-13 17:00:06,6684208.0,6686973.0,2021-04-13 17:00:06
2021-04-13 17:00:10,6684208.0,6686973.0,2021-04-13 17:00:09
2021-04-13 17:00:13,6689704.0,6692106.0,2021-04-13 17:00:13
2021-04-13 17:00:16,6690250.0,6692972.0,2021-04-13 17:00:16
2021-04-13 17:00:19,6695326.0,6695540.0,2021-04-13 17:00:19
2021-04-13 17:00:22,6695539.0,6695540.0,2021-04-13 17:00:22
2021-04-13 17:00:25,6695557.0,6695992.0,2021-04-13 17:00:25
2021-04-13 17:00:28,6693820.0,6694341.0,2021-04-13 17:00:28
2021-04-13 17:00:31,6690919.0,6694307.0,2021-04-13 17:00:31
2021-04-13 17:00:34,6695400.0,6695992.0,2021-04-13 17:00:34
2021-04-13 17:00:37,6694385.0,6695831.0,2021-04-13 17:00:37
2021-04-13 17:00:40,6694856.0,6695992.0,2021-04-13 17:00:40
2021-04-13 17:00:43,6694856.0,6695992.0,2021-04-13 17:00:43
2021-04-13 17:00:46,6694856.0,6695992.0,2021-04-13 17:00:46
2021-04-13 17:00:50,6694856.0,6695992.0,2021-04-13 17:00:49
2021-04-13 17:00:53,6697075.0,6697456.0,2021-04-13 17:00:53
2021-04-13 17:00:56,6694868.0,6697499.0,2021-04-13 17:00:56
2021-04-13 17:00:59,6696966.0,6697600.0,2021-04-13 17:00:59
2021-04-13 17:01:02,6696966.0,6697600.0,2021-04-13 17:01:02
2021-04-13 17:01:05,6700076.0,6701032.0,2021-04-13 17:01:05
2021-04-13 17:01:08,6699941.0,6701243.0,2021-04-13 17:01:08
2021-04-13 17:01:11,6700444.0,6702897.0,2021-04-13 17:01:11
2021-04-13 17:01:14,6701600.0,6702783.0,2021-04-13 17:01:14
2021-04-13 17:01:17,6702597.0,6703109.0,2021-04-13 17:01:17
2021-04-13 17:01:20,6704337.0,6705885.0,2021-04-13 17:01:20
2021-04-13 17:01:23,6704755.0,6706225.0,2021-04-13 17:01:23
2021-04-13 17:01:26,6707102.0,6707771.0,2021-04-13 17:01:26
2021-04-13 17:01:29,6706305.0,6709353.0,2021-04-13 17:01:29
2021-04-13 17:01:32,6705980.0,6706165.0,2021-04-13 17:01:32
2021-04-13 17:01:35,6706284.0,6706718.0,2021-04-13 17:01:35
2021-04-13 17:01:39,6708018.0,6709214.0,2021-04-13 17:01:38
2021-04-13 17:01:42,6707747.0,6707988.0,2021-04-13 17:01:42
2021-04-13 17:01:45,6705959.0,6706652.0,2021-04-13 17:01:45
2021-04-13 17:01:48,6706712.0,6709112.0,2021-04-13 17:01:48
2021-04-13 17:01:51,6707501.0,6709899.0,2021-04-13 17:01:51
2021-04-13 17:01:54,6707664.0,6709900.0,2021-04-13 17:01:54
2021-04-13 17:01:57,6707663.0,6709894.0,2021-04-13 17:01:57
2021-04-13 17:02:00,6708395.0,6709900.0,2021-04-13 17:02:00
2021-04-13 17:02:03,6707032.0,6709477.0,2021-04-13 17:02:03
2021-04-13 17:02:06,6706588.0,6708749.0,2021-04-13 17:02:06
2021-04-13 17:02:09,6707737.0,6708749.0,2021-04-13 17:02:09
2021-04-13 17:02:12,6706251.0,6708674.0,2021-04-13 17:02:12
2021-04-13 17:02:15,6706801.0,6708674.0,2021-04-13 17:02:15
2021-04-13 17:02:18,6707084.0,6709778.0,2021-04-13 17:02:18
2021-04-13 17:02:21,6706251.0,6708990.0,2021-04-13 17:02:21
2021-04-13 17:02:24,6704684.0,6706947.0,2021-04-13 17:02:24
2021-04-13 17:02:28,6704710.0,6706937.0,2021-04-13 17:02:27
2021-04-13 17:02:31,6706315.0,6706962.0,2021-04-13 17:02:31
2021-04-13 17:02:34,6706315.0,6706962.0,2021-04-13 17:02:34
2021-04-13 17:02:37,6705001.0,6706565.0,2021-04-13 17:02:37
2021-04-13 17:02:40,6702945.0,6704438.0,2021-04-13 17:02:40
2021-04-13 17:02:43,6701533.0,6703492.0,2021-04-13 17:02:43
2021-04-13 17:02:46,6697459.0,6697524.0,2021-04-13 17:02:46
2021-04-13 17:02:49,6692519.0,6693103.0,2021-04-13 17:02:49
2021-04-13 17:02:52,6692501.0,6693091.0,2021-04-13 17:02:52
2021-04-13 17:02:55,6693096.0,6693802.0,2021-04-13 17:02:55
2021-04-13 17:02:58,6694121.0,6696355.0,2021-04-13 17:02:58
2021-04-13 17:03:01,6692501.0,6695039.0,2021-04-13 17:03:01
2021-04-13 17:03:04,6691933.0,6694459.0,2021-04-13 17:03:04
2021-04-13 17:03:07,6694801.0,6695312.0,2021-04-13 17:03:07
2021-04-13 17:03:10,6697924.0,6698720.0,2021-04-13 17:03:10
2021-04-13 17:03:13,6699143.0,6700870.0,2021-04-13 17:03:13
2021-04-13 17:03:16,6696709.0,6698532.0,2021-04-13 17:03:16
2021-04-13 17:03:20,6699581.0,6699840.0,2021-04-13 17:03:19
2021-04-13 17:03:23,6699600.0,6700000.0,2021-04-13 17:03:23
2021-04-13 17:03:26,6699600.0,6699999.0,2021-04-13 17:03:26
2021-04-13 17:03:29,6697501.0,6698661.0,2021-04-13 17:03:29
2021-04-13 17:03:32,6697071.0,6698651.0,2021-04-13 17:03:32
2021-04-13 17:03:35,6695905.0,6696731.0,2021-04-13 17:03:35
2021-04-13 17:03:38,6693104.0,6693836.0,2021-04-13 17:03:38
2021-04-13 17:03:41,6691915.0,6694408.0,2021-04-13 17:03:41
2021-04-13 17:03:44,6691284.0,6693860.0,2021-04-13 17:03:44
2021-04-13 17:03:47,6694936.0,6695900.0,2021-04-13 17:03:47
2021-04-13 17:03:50,6693906.0,6695900.0,2021-04-13 17:03:50
2021-04-13 17:03:53,6692000.0,6693749.0,2021-04-13 17:03:53
2021-04-13 17:03:56,6692720.0,6693748.0,2021-04-13 17:03:56
2021-04-13 17:03:59,6692730.0,6693748.0,2021-04-13 17:03:59
2021-04-13 17:04:02,6692501.0,6692672.0,2021-04-13 17:04:02
2021-04-13 17:04:05,6692501.0,6692831.0,2021-04-13 17:04:05
2021-04-13 17:04:08,6689760.0,6692022.0,2021-04-13 17:04:08
2021-04-13 17:04:11,6689760.0,6691773.0,2021-04-13 17:04:11
2021-04-13 17:04:14,6689760.0,6690129.0,2021-04-13 17:04:14
2021-04-13 17:04:17,6689760.0,6690128.0,2021-04-13 17:04:17
2021-04-13 17:04:21,6688652.0,6688759.0,2021-04-13 17:04:20
2021-04-13 17:04:24,6685339.0,6685866.0,2021-04-13 17:04:24
2021-04-13 17:04:27,6682876.0,6685847.0,2021-04-13 17:04:27
2021-04-13 17:04:30,6683520.0,6685846.0,2021-04-13 17:04:30
2021-04-13 17:04:33,6683530.0,6685844.0,2021-04-13 17:04:33
2021-04-13 17:04:36,6683315.0,6684698.0,2021-04-13 17:04:36
2021-04-13 17:04:39,6683430.0,6685833.0,2021-04-13 17:04:39
2021-04-13 17:04:42,6683769.0,6685478.0,2021-04-13 17:04:42
2021-04-13 17:04:45,6685480.0,6687353.0,2021-04-13 17:04:45
2021-04-13 17:04:48,6687079.0,6687499.0,2021-04-13 17:04:48
2021-04-13 17:04:51,6687130.0,6687461.0,2021-04-13 17:04:51
2021-04-13 17:04:54,6688781.0,6689760.0,2021-04-13 17:04:54
2021-04-13 17:04:57,6688597.0,6689760.0,2021-04-13 17:04:57
2021-04-13 17:05:00,6691150.0,6692499.0,2021-04-13 17:05:00
2021-04-13 17:05:03,6691213.0,6692499.0,2021-04-13 17:05:03
2021-04-13 17:05:06,6691403.0,6693120.0,2021-04-13 17:05:06
2021-04-13 17:05:09,6692065.0,6693120.0,2021-04-13 17:05:09
2021-04-13 17:05:13,6691855.0,6691985.0,2021-04-13 17:05:12
2021-04-13 17:05:16,6691251.0,6692664.0,2021-04-13 17:05:16
2021-04-13 17:05:19,6691251.0,6692519.0,2021-04-13 17:05:19
2021-04-13 17:05:22,6691756.0,6692944.0,2021-04-13 17:05:22
2021-04-13 17:05:25,6690060.0,6692660.0,2021-04-13 17:05:25
2021-04-13 17:05:28,6691521.0,6692574.0,2021-04-13 17:05:28
2021-04-13 17:05:31,6691521.0,6692499.0,2021-04-13 17:05:31
2021-04-13 17:05:34,6690001.0,6691367.0,2021-04-13 17:05:34
2021-04-13 17:05:37,6690001.0,6691150.0,2021-04-13 17:05:37
2021-04-13 17:05:40,6687605.0,6688416.0,2021-04-13 17:05:40
2021-04-13 17:05:43,6687520.0,6688752.0,2021-04-13 17:05:43
2021-04-13 17:05:46,6687668.0,6688994.0,2021-04-13 17:05:46
2021-04-13 17:05:50,6687520.0,6689292.0,2021-04-13 17:05:49
2021-04-13 17:05:53,6688202.0,6689998.0,2021-04-13 17:05:53
2021-04-13 17:05:56,6687520.0,6689312.0,2021-04-13 17:05:56
2021-04-13 17:05:59,6686400.0,6687366.0,2021-04-13 17:05:59
2021-04-13 17:06:02,6686708.0,6687966.0,2021-04-13 17:06:02
2021-04-13 17:06:05,6685345.0,6687187.0,2021-04-13 17:06:05
2021-04-13 17:06:08,6685280.0,6687479.0,2021-04-13 17:06:08
2021-04-13 17:06:11,6685480.0,6686960.0,2021-04-13 17:06:11
2021-04-13 17:06:14,6685513.0,6686959.0,2021-04-13 17:06:14
2021-04-13 17:06:17,6686418.0,6687120.0,2021-04-13 17:06:17
2021-04-13 17:06:20,6686769.0,6687120.0,2021-04-13 17:06:20
2021-04-13 17:06:23,6686805.0,6687120.0,2021-04-13 17:06:23
2021-04-13 17:06:26,6686290.0,6687120.0,2021-04-13 17:06:26
2021-04-13 17:06:29,6686569.0,6687120.0,2021-04-13 17:06:29
2021-04-13 17:06:32,6686334.0,6687120.0,2021-04-13 17:06:32
2021-04-13 17:06:36,6687120.0,6689292.0,2021-04-13 17:06:35
2021-04-13 17:06:39,6688220.0,6691661.0,2021-04-13 17:06:39
2021-04-13 17:06:42,6687996.0,6689549.0,2021-04-13 17:06:42
2021-04-13 17:06:45,6689096.0,6690783.0,2021-04-13 17:06:45
2021-04-13 17:06:48,6690001.0,6690161.0,2021-04-13 17:06:48
2021-04-13 17:06:51,6688751.0,6690331.0,2021-04-13 17:06:51
2021-04-13 17:06:54,6687502.0,6689563.0,2021-04-13 17:06:54
2021-04-13 17:06:57,6688047.0,6690427.0,2021-04-13 17:06:57
2021-04-13 17:07:00,6688932.0,6689999.0,2021-04-13 17:07:00
2021-04-13 17:07:03,6690436.0,6690880.0,2021-04-13 17:07:03
2021-04-13 17:07:06,6690450.0,6693120.0,2021-04-13 17:07:06
2021-04-13 17:07:09,6690460.0,6693120.0,2021-04-13 17:07:09
2021-04-13 17:07:12,6694241.0,6695359.0,2021-04-13 17:07:12
2021-04-13 17:07:15,6694247.0,6695360.0,2021-04-13 17:07:15
2021-04-13 17:07:18,6694256.0,6695735.0,2021-04-13 17:07:18
2021-04-13 17:07:21,6694256.0,6697339.0,2021-04-13 17:07:21
2021-04-13 17:07:24,6694394.0,6696726.0,2021-04-13 17:07:24
2021-04-13 17:07:27,6693097.0,6693571.0,2021-04-13 17:07:27
2021-04-13 17:07:31,6692740.0,6694240.0,2021-04-13 17:07:30
2021-04-13 17:07:34,6692501.0,6694066.0,2021-04-13 17:07:34
2021-04-13 17:07:37,6693746.0,6694240.0,2021-04-13 17:07:37
2021-04-13 17:07:40,6693909.0,6694999.0,2021-04-13 17:07:40
2021-04-13 17:07:43,6693369.0,6694999.0,2021-04-13 17:07:43
2021-04-13 17:07:46,6694620.0,6694999.0,2021-04-13 17:07:46
2021-04-13 17:07:49,6694620.0,6694999.0,2021-04-13 17:07:49
2021-04-13 17:07:52,6694809.0,6694999.0,2021-04-13 17:07:52
2021-04-13 17:07:55,6694180.0,6694999.0,2021-04-13 17:07:55
2021-04-13 17:07:58,6694601.0,6695480.0,2021-04-13 17:07:58
2021-04-13 17:08:01,6695479.0,6695480.0,2021-04-13 17:08:01
2021-04-13 17:08:04,6695478.0,6695480.0,2021-04-13 17:08:04
2021-04-13 17:08:07,6695055.0,6695436.0,2021-04-13 17:08:07
2021-04-13 17:08:10,6694384.0,6695480.0,2021-04-13 17:08:10
2021-04-13 17:08:13,6693352.0,6694719.0,2021-04-13 17:08:13
2021-04-13 17:08:16,6693833.0,6695480.0,2021-04-13 17:08:16
2021-04-13 17:08:19,6695315.0,6695480.0,2021-04-13 17:08:19
2021-04-13 17:08:22,6695315.0,6695480.0,2021-04-13 17:08:22
2021-04-13 17:08:25,6695999.0,6696249.0,2021-04-13 17:08:25
2021-04-13 17:08:29,6695999.0,6696249.0,2021-04-13 17:08:28
2021-04-13 17:08:32,6695349.0,6696249.0,2021-04-13 17:08:32
2021-04-13 17:08:35,6696000.0,6696249.0,2021-04-13 17:08:35
2021-04-13 17:08:38,6696244.0,6697972.0,2021-04-13 17:08:38
2021-04-13 17:08:41,6697356.0,6697972.0,2021-04-13 17:08:41
2021-04-13 17:08:44,6700506.0,6700906.0,2021-04-13 17:08:44
2021-04-13 17:08:47,6702499.0,6703749.0,2021-04-13 17:08:47
2021-04-13 17:08:50,6698721.0,6699387.0,2021-04-13 17:08:50
2021-04-13 17:08:53,6699041.0,6701115.0,2021-04-13 17:08:53
2021-04-13 17:08:56,6701251.0,6701299.0,2021-04-13 17:08:56
2021-04-13 17:08:59,6700001.0,6701170.0,2021-04-13 17:08:59
2021-04-13 17:09:02,6698751.0,6701982.0,2021-04-13 17:09:02
2021-04-13 17:09:05,6697501.0,6699045.0,2021-04-13 17:09:05
2021-04-13 17:09:08,6696694.0,6697585.0,2021-04-13 17:09:08
2021-04-13 17:09:11,6697680.0,6698262.0,2021-04-13 17:09:11
2021-04-13 17:09:14,6697922.0,6700191.0,2021-04-13 17:09:14
2021-04-13 17:09:17,6697975.0,6698749.0,2021-04-13 17:09:17
2021-04-13 17:09:20,6700074.0,6701236.0,2021-04-13 17:09:20
2021-04-13 17:09:23,6699382.0,6701310.0,2021-04-13 17:09:23
2021-04-13 17:09:26,6698641.0,6701313.0,2021-04-13 17:09:26
2021-04-13 17:09:30,6698497.0,6699999.0,2021-04-13 17:09:29
2021-04-13 17:09:33,6699299.0,6699999.0,2021-04-13 17:09:33
2021-04-13 17:09:36,6699654.0,6701313.0,2021-04-13 17:09:36
2021-04-13 17:09:39,6698798.0,6701301.0,2021-04-13 17:09:39
2021-04-13 17:09:42,6698751.0,6699917.0,2021-04-13 17:09:42
2021-04-13 17:09:45,6698521.0,6699836.0,2021-04-13 17:09:45
2021-04-13 17:09:48,6698521.0,6699830.0,2021-04-13 17:09:48
2021-04-13 17:09:51,6697501.0,6699820.0,2021-04-13 17:09:51
2021-04-13 17:09:54,6697501.0,6699810.0,2021-04-13 17:09:54
2021-04-13 17:09:57,6696480.0,6699064.0,2021-04-13 17:09:57
2021-04-13 17:10:00,6696255.0,6699054.0,2021-04-13 17:10:00
2021-04-13 17:10:03,6695360.0,6696925.0,2021-04-13 17:10:03
2021-04-13 17:10:07,6695516.0,6696919.0,2021-04-13 17:10:07
2021-04-13 17:10:10,6697746.0,6698552.0,2021-04-13 17:10:10
2021-04-13 17:10:13,6696863.0,6697570.0,2021-04-13 17:10:13
2021-04-13 17:10:16,6696251.0,6698749.0,2021-04-13 17:10:16
2021-04-13 17:10:19,6697621.0,6698698.0,2021-04-13 17:10:19
2021-04-13 17:10:22,6697631.0,6698749.0,2021-04-13 17:10:22
2021-04-13 17:10:25,6697742.0,6698749.0,2021-04-13 17:10:25
2021-04-13 17:10:28,6697336.0,6698749.0,2021-04-13 17:10:28
2021-04-13 17:10:32,6697346.0,6698749.0,2021-04-13 17:10:31
2021-04-13 17:10:35,6698069.0,6698748.0,2021-04-13 17:10:35
2021-04-13 17:10:38,6697938.0,6698714.0,2021-04-13 17:10:38
2021-04-13 17:10:41,6697400.0,6698742.0,2021-04-13 17:10:41
2021-04-13 17:10:44,6697400.0,6698742.0,2021-04-13 17:10:44
2021-04-13 17:10:47,6697554.0,6698749.0,2021-04-13 17:10:47
2021-04-13 17:10:50,6698479.0,6698749.0,2021-04-13 17:10:50
2021-04-13 17:10:53,6698518.0,6699999.0,2021-04-13 17:10:53
2021-04-13 17:10:56,6699556.0,6701471.0,2021-04-13 17:10:56
2021-04-13 17:10:59,6700941.0,6702450.0,2021-04-13 17:10:59
2021-04-13 17:11:02,6700941.0,6702450.0,2021-04-13 17:11:02
2021-04-13 17:11:05,6701397.0,6702450.0,2021-04-13 17:11:05
2021-04-13 17:11:08,6701188.0,6702450.0,2021-04-13 17:11:08
2021-04-13 17:11:11,6699828.0,6699973.0,2021-04-13 17:11:11
2021-04-13 17:11:14,6701273.0,6703531.0,2021-04-13 17:11:14
2021-04-13 17:11:17,6705448.0,6706126.0,2021-04-13 17:11:17
2021-04-13 17:11:20,6706260.0,6706961.0,2021-04-13 17:11:20
2021-04-13 17:11:23,6705922.0,6706961.0,2021-04-13 17:11:23
2021-04-13 17:11:26,6708831.0,6709809.0,2021-04-13 17:11:26
2021-04-13 17:11:30,6710279.0,6710952.0,2021-04-13 17:11:29
2021-04-13 17:11:33,6710053.0,6711249.0,2021-04-13 17:11:33
2021-04-13 17:11:36,6710631.0,6712325.0,2021-04-13 17:11:36
2021-04-13 17:11:39,6710000.0,6713321.0,2021-04-13 17:11:39
2021-04-13 17:11:43,6709637.0,6711355.0,2021-04-13 17:11:42
2021-04-13 17:11:46,6710016.0,6711241.0,2021-04-13 17:11:46
2021-04-13 17:11:49,6708405.0,6711355.0,2021-04-13 17:11:49
2021-04-13 17:11:52,6708425.0,6711249.0,2021-04-13 17:11:52
2021-04-13 17:11:55,6708436.0,6711072.0,2021-04-13 17:11:55
2021-04-13 17:11:58,6708673.0,6709999.0,2021-04-13 17:11:58
2021-04-13 17:12:01,6708235.0,6709999.0,2021-04-13 17:12:01
2021-04-13 17:12:04,6708237.0,6710046.0,2021-04-13 17:12:04
2021-04-13 17:12:07,6708499.0,6710046.0,2021-04-13 17:12:07
2021-04-13 17:12:10,6708917.0,6710239.0,2021-04-13 17:12:10
2021-04-13 17:12:13,6710001.0,6711999.0,2021-04-13 17:12:13
2021-04-13 17:12:16,6709717.0,6711956.0,2021-04-13 17:12:16
2021-04-13 17:12:19,6709910.0,6711659.0,2021-04-13 17:12:19
2021-04-13 17:12:22,6709930.0,6711249.0,2021-04-13 17:12:22
2021-04-13 17:12:25,6708751.0,6711249.0,2021-04-13 17:12:25
2021-04-13 17:12:28,6712029.0,6712499.0,2021-04-13 17:12:28
2021-04-13 17:12:31,6713154.0,6713749.0,2021-04-13 17:12:31
2021-04-13 17:12:34,6713262.0,6715709.0,2021-04-13 17:12:34
2021-04-13 17:12:37,6713731.0,6716082.0,2021-04-13 17:12:37
2021-04-13 17:12:40,6714090.0,6716141.0,2021-04-13 17:12:40
2021-04-13 17:12:44,6714090.0,6715329.0,2021-04-13 17:12:43
2021-04-13 17:12:47,6714799.0,6716975.0,2021-04-13 17:12:47
2021-04-13 17:12:50,6717283.0,6717499.0,2021-04-13 17:12:50
2021-04-13 17:12:53,6718700.0,6718749.0,2021-04-13 17:12:53
2021-04-13 17:12:56,6723249.0,6727232.0,2021-04-13 17:12:56
2021-04-13 17:12:59,6729765.0,6731453.0,2021-04-13 17:12:59
2021-04-13 17:13:02,6735627.0,6738359.0,2021-04-13 17:13:02
2021-04-13 17:13:05,6740011.0,6741232.0,2021-04-13 17:13:05
2021-04-13 17:13:08,6737218.0,6741073.0,2021-04-13 17:13:08
2021-04-13 17:13:11,6732564.0,6734649.0,2021-04-13 17:13:11
2021-04-13 17:13:14,6730065.0,6733021.0,2021-04-13 17:13:14
2021-04-13 17:13:17,6736403.0,6736584.0,2021-04-13 17:13:17
2021-04-13 17:13:20,6732503.0,6734828.0,2021-04-13 17:13:20
2021-04-13 17:13:23,6736417.0,6736464.0,2021-04-13 17:13:23
2021-04-13 17:13:26,6739388.0,6740771.0,2021-04-13 17:13:26
2021-04-13 17:13:29,6737951.0,6738131.0,2021-04-13 17:13:29
2021-04-13 17:13:32,6736053.0,6739127.0,2021-04-13 17:13:32
2021-04-13 17:13:35,6737293.0,6740000.0,2021-04-13 17:13:35
2021-04-13 17:13:38,6736374.0,6739284.0,2021-04-13 17:13:38
2021-04-13 17:13:42,6735001.0,6735991.0,2021-04-13 17:13:41
2021-04-13 17:13:45,6733326.0,6734850.0,2021-04-13 17:13:45
2021-04-13 17:13:48,6726758.0,6727835.0,2021-04-13 17:13:48
2021-04-13 17:13:51,6726759.0,6727727.0,2021-04-13 17:13:51
2021-04-13 17:13:54,6721574.0,6721828.0,2021-04-13 17:13:54
2021-04-13 17:13:57,6722278.0,6724993.0,2021-04-13 17:13:57
2021-04-13 17:14:00,6725081.0,6726291.0,2021-04-13 17:14:00
2021-04-13 17:14:04,6722959.0,6725274.0,2021-04-13 17:14:04
2021-04-13 17:14:07,6722974.0,6725273.0,2021-04-13 17:14:07
2021-04-13 17:14:10,6725016.0,6727835.0,2021-04-13 17:14:10
2021-04-13 17:14:13,6727364.0,6729500.0,2021-04-13 17:14:13
2021-04-13 17:14:16,6730160.0,6731249.0,2021-04-13 17:14:16
2021-04-13 17:14:19,6729049.0,6732116.0,2021-04-13 17:14:19
2021-04-13 17:14:22,6730667.0,6732717.0,2021-04-13 17:14:22
2021-04-13 17:14:25,6733491.0,6736364.0,2021-04-13 17:14:25
2021-04-13 17:14:28,6730610.0,6732381.0,2021-04-13 17:14:28
2021-04-13 17:14:32,6732201.0,6734633.0,2021-04-13 17:14:31
2021-04-13 17:14:35,6733751.0,6735445.0,2021-04-13 17:14:35
2021-04-13 17:14:38,6730549.0,6733366.0,2021-04-13 17:14:38
2021-04-13 17:14:41,6730612.0,6733356.0,2021-04-13 17:14:41
2021-04-13 17:14:44,6730334.0,6732285.0,2021-04-13 17:14:44
2021-04-13 17:14:47,6730344.0,6732285.0,2021-04-13 17:14:47
2021-04-13 17:14:50,6730345.0,6732499.0,2021-04-13 17:14:50
2021-04-13 17:14:54,6732391.0,6733355.0,2021-04-13 17:14:53
2021-04-13 17:14:57,6737369.0,6737410.0,2021-04-13 17:14:57
2021-04-13 17:15:00,6737442.0,6737978.0,2021-04-13 17:15:00
2021-04-13 17:15:03,6742880.0,6743186.0,2021-04-13 17:15:03
2021-04-13 17:15:06,6749980.0,6750000.0,2021-04-13 17:15:06
2021-04-13 17:15:09,6750010.0,6750280.0,2021-04-13 17:15:09
2021-04-13 17:15:12,6751231.0,6751249.0,2021-04-13 17:15:12
2021-04-13 17:15:15,6757749.0,6761576.0,2021-04-13 17:15:15
2021-04-13 17:15:18,6758943.0,6762894.0,2021-04-13 17:15:18
2021-04-13 17:15:21,6761466.0,6766688.0,2021-04-13 17:15:21
2021-04-13 17:15:24,6768424.0,6770892.0,2021-04-13 17:15:24
2021-04-13 17:15:27,6772918.0,6773031.0,2021-04-13 17:15:27
2021-04-13 17:15:30,6764456.0,6768374.0,2021-04-13 17:15:30
2021-04-13 17:15:33,6765512.0,6766134.0,2021-04-13 17:15:33
2021-04-13 17:15:36,6763934.0,6764208.0,2021-04-13 17:15:36
2021-04-13 17:15:40,6761430.0,6766748.0,2021-04-13 17:15:40
2021-04-13 17:15:43,6763042.0,6763732.0,2021-04-13 17:15:43
2021-04-13 17:15:46,6763751.0,6764450.0,2021-04-13 17:15:46
2021-04-13 17:15:49,6756046.0,6756251.0,2021-04-13 17:15:49
2021-04-13 17:15:52,6751053.0,6756250.0,2021-04-13 17:15:52
2021-04-13 17:15:55,6764558.0,6766383.0,2021-04-13 17:15:55
2021-04-13 17:15:59,6770812.0,6771249.0,2021-04-13 17:15:59
2021-04-13 17:16:02,6770345.0,6772917.0,2021-04-13 17:16:02
2021-04-13 17:16:05,6765412.0,6767143.0,2021-04-13 17:16:05
2021-04-13 17:16:08,6765315.0,6769188.0,2021-04-13 17:16:08
2021-04-13 17:16:11,6772678.0,6773038.0,2021-04-13 17:16:11
2021-04-13 17:16:14,6780347.0,6784998.0,2021-04-13 17:16:14
2021-04-13 17:16:17,6790245.0,6794223.0,2021-04-13 17:16:17
2021-04-13 17:16:20,6794980.0,6798169.0,2021-04-13 17:16:20
2021-04-13 17:16:23,6795850.0,6800000.0,2021-04-13 17:16:23
2021-04-13 17:16:26,6791835.0,6793285.0,2021-04-13 17:16:26
2021-04-13 17:16:29,6780853.0,6781924.0,2021-04-13 17:16:29
2021-04-13 17:16:33,6790759.0,6792751.0,2021-04-13 17:16:33
2021-04-13 17:16:36,6789743.0,6792751.0,2021-04-13 17:16:36
2021-04-13 17:16:39,6784760.0,6786145.0,2021-04-13 17:16:39
2021-04-13 17:16:43,6783743.0,6783889.0,2021-04-13 17:16:43
2021-04-13 17:16:46,6782435.0,6787057.0,2021-04-13 17:16:46
2021-04-13 17:16:49,6784748.0,6787592.0,2021-04-13 17:16:49
2021-04-13 17:16:52,6794851.0,6795927.0,2021-04-13 17:16:52
2021-04-13 17:16:56,6791033.0,6793281.0,2021-04-13 17:16:55
2021-04-13 17:16:59,6789634.0,6792117.0,2021-04-13 17:16:59
2021-04-13 17:17:02,6787839.0,6789343.0,2021-04-13 17:17:02
2021-04-13 17:17:05,6785008.0,6787379.0,2021-04-13 17:17:05
2021-04-13 17:17:08,6768735.0,6772071.0,2021-04-13 17:17:08
2021-04-13 17:17:11,6775574.0,6778992.0,2021-04-13 17:17:11
2021-04-13 17:17:14,6780493.0,6783255.0,2021-04-13 17:17:14
2021-04-13 17:17:17,6783115.0,6786362.0,2021-04-13 17:17:17
2021-04-13 17:17:20,6788669.0,6790725.0,2021-04-13 17:17:20
2021-04-13 17:17:23,6789066.0,6790732.0,2021-04-13 17:17:23
2021-04-13 17:17:27,6788453.0,6792015.0,2021-04-13 17:17:26
2021-04-13 17:17:30,6793644.0,6795726.0,2021-04-13 17:17:30
2021-04-13 17:17:33,6800001.0,6801205.0,2021-04-13 17:17:33
2021-04-13 17:17:36,6806231.0,6806232.0,2021-04-13 17:17:36
2021-04-13 17:17:39,6810730.0,6812346.0,2021-04-13 17:17:39
2021-04-13 17:17:42,6812208.0,6815496.0,2021-04-13 17:17:42
2021-04-13 17:17:45,6809685.0,6812514.0,2021-04-13 17:17:45
2021-04-13 17:17:48,6807700.0,6811455.0,2021-04-13 17:17:48
2021-04-13 17:17:52,6808375.0,6811065.0,2021-04-13 17:17:51
2021-04-13 17:17:55,6811080.0,6811229.0,2021-04-13 17:17:55
2021-04-13 17:17:58,6803114.0,6806333.0,2021-04-13 17:17:58
2021-04-13 17:18:01,6806983.0,6811570.0,2021-04-13 17:18:01
2021-04-13 17:18:04,6802866.0,6802867.0,2021-04-13 17:18:04
2021-04-13 17:18:07,6802867.0,6805242.0,2021-04-13 17:18:07
2021-04-13 17:18:10,6797724.0,6800109.0,2021-04-13 17:18:10
2021-04-13 17:18:13,6792501.0,6793577.0,2021-04-13 17:18:13
2021-04-13 17:18:16,6794462.0,6799380.0,2021-04-13 17:18:16
2021-04-13 17:18:20,6798837.0,6802653.0,2021-04-13 17:18:19
2021-04-13 17:18:23,6797202.0,6797308.0,2021-04-13 17:18:23
2021-04-13 17:18:26,6802471.0,6804269.0,2021-04-13 17:18:26
2021-04-13 17:18:29,6803307.0,6806351.0,2021-04-13 17:18:29
2021-04-13 17:18:32,6806532.0,6809193.0,2021-04-13 17:18:32
2021-04-13 17:18:35,6801128.0,6804778.0,2021-04-13 17:18:35
2021-04-13 17:18:38,6804902.0,6809839.0,2021-04-13 17:18:38
2021-04-13 17:18:41,6805168.0,6806770.0,2021-04-13 17:18:41
2021-04-13 17:18:44,6804390.0,6804805.0,2021-04-13 17:18:44
2021-04-13 17:18:47,6804127.0,6805710.0,2021-04-13 17:18:47
2021-04-13 17:18:50,6805712.0,6810138.0,2021-04-13 17:18:50
2021-04-13 17:18:53,6803977.0,6808507.0,2021-04-13 17:18:53
2021-04-13 17:18:56,6806825.0,6811293.0,2021-04-13 17:18:56
2021-04-13 17:18:59,6808751.0,6809484.0,2021-04-13 17:18:59
2021-04-13 17:19:02,6804593.0,6809176.0,2021-04-13 17:19:02
2021-04-13 17:19:05,6809117.0,6812367.0,2021-04-13 17:19:05
2021-04-13 17:19:08,6811159.0,6811544.0,2021-04-13 17:19:08
2021-04-13 17:19:11,6811530.0,6814253.0,2021-04-13 17:19:11
2021-04-13 17:19:15,6812600.0,6815089.0,2021-04-13 17:19:15
2021-04-13 17:19:18,6818191.0,6820785.0,2021-04-13 17:19:18
2021-04-13 17:19:21,6821639.0,6823672.0,2021-04-13 17:19:21
2021-04-13 17:19:24,6817556.0,6822717.0,2021-04-13 17:19:24
2021-04-13 17:19:27,6817664.0,6821220.0,2021-04-13 17:19:27
2021-04-13 17:19:30,6811257.0,6813836.0,2021-04-13 17:19:30
2021-04-13 17:19:34,6816093.0,6818682.0,2021-04-13 17:19:34
2021-04-13 17:19:37,6816287.0,6817506.0,2021-04-13 17:19:37
2021-04-13 17:19:40,6821251.0,6825043.0,2021-04-13 17:19:40
2021-04-13 17:19:43,6820167.0,6820838.0,2021-04-13 17:19:43
2021-04-13 17:19:46,6825185.0,6826392.0,2021-04-13 17:19:46
2021-04-13 17:19:50,6828926.0,6831464.0,2021-04-13 17:19:49
2021-04-13 17:19:53,6826971.0,6830965.0,2021-04-13 17:19:53
2021-04-13 17:19:56,6827816.0,6830542.0,2021-04-13 17:19:56
2021-04-13 17:19:59,6829827.0,6831647.0,2021-04-13 17:19:59
2021-04-13 17:20:02,6830075.0,6830518.0,2021-04-13 17:20:02
2021-04-13 17:20:05,6827360.0,6828199.0,2021-04-13 17:20:05
2021-04-13 17:20:08,6817677.0,6818448.0,2021-04-13 17:20:08
2021-04-13 17:20:11,6819142.0,6822313.0,2021-04-13 17:20:11
2021-04-13 17:20:14,6822510.0,6825000.0,2021-04-13 17:20:14
2021-04-13 17:20:18,6822510.0,6824750.0,2021-04-13 17:20:17
2021-04-13 17:20:21,6825655.0,6825889.0,2021-04-13 17:20:21
2021-04-13 17:20:24,6824343.0,6825858.0,2021-04-13 17:20:24
2021-04-13 17:20:27,6823293.0,6826819.0,2021-04-13 17:20:27
2021-04-13 17:20:30,6827195.0,6828537.0,2021-04-13 17:20:30
2021-04-13 17:20:33,6825496.0,6827855.0,2021-04-13 17:20:33
2021-04-13 17:20:36,6824870.0,6826967.0,2021-04-13 17:20:36
2021-04-13 17:20:39,6824471.0,6827356.0,2021-04-13 17:20:39
2021-04-13 17:20:42,6831745.0,6834995.0,2021-04-13 17:20:42
2021-04-13 17:20:45,6828060.0,6831201.0,2021-04-13 17:20:45
2021-04-13 17:20:48,6828800.0,6832613.0,2021-04-13 17:20:48
2021-04-13 17:20:51,6829988.0,6830000.0,2021-04-13 17:20:51
2021-04-13 17:20:54,6830000.0,6833359.0,2021-04-13 17:20:54
2021-04-13 17:20:57,6827501.0,6829286.0,2021-04-13 17:20:57
2021-04-13 17:21:00,6830601.0,6832743.0,2021-04-13 17:21:00
2021-04-13 17:21:03,6830604.0,6831521.0,2021-04-13 17:21:03
2021-04-13 17:21:06,6826251.0,6827151.0,2021-04-13 17:21:06
2021-04-13 17:21:09,6821295.0,6821527.0,2021-04-13 17:21:09
2021-04-13 17:21:13,6822925.0,6824416.0,2021-04-13 17:21:13
2021-04-13 17:21:16,6820502.0,6820879.0,2021-04-13 17:21:16
2021-04-13 17:21:19,6822510.0,6822795.0,2021-04-13 17:21:19
2021-04-13 17:21:22,6823537.0,6826652.0,2021-04-13 17:21:22
2021-04-13 17:21:26,6828582.0,6831248.0,2021-04-13 17:21:26
2021-04-13 17:21:29,6829355.0,6832839.0,2021-04-13 17:21:29
2021-04-13 17:21:32,6830942.0,6832104.0,2021-04-13 17:21:32
2021-04-13 17:21:35,6827548.0,6830845.0,2021-04-13 17:21:35
2021-04-13 17:21:38,6831969.0,6833648.0,2021-04-13 17:21:38
2021-04-13 17:21:42,6834935.0,6838487.0,2021-04-13 17:21:41
2021-04-13 17:21:45,6836148.0,6838184.0,2021-04-13 17:21:45
2021-04-13 17:21:48,6837988.0,6839676.0,2021-04-13 17:21:48
2021-04-13 17:21:51,6840769.0,6842142.0,2021-04-13 17:21:51
2021-04-13 17:21:54,6847266.0,6848311.0,2021-04-13 17:21:54
2021-04-13 17:21:57,6848908.0,6850000.0,2021-04-13 17:21:57
2021-04-13 17:22:00,6840070.0,6843715.0,2021-04-13 17:22:00
2021-04-13 17:22:04,6843735.0,6844784.0,2021-04-13 17:22:03
2021-04-13 17:22:07,6849700.0,6851305.0,2021-04-13 17:22:07
2021-04-13 17:22:10,6850107.0,6852352.0,2021-04-13 17:22:10
2021-04-13 17:22:13,6853068.0,6854289.0,2021-04-13 17:22:13
2021-04-13 17:22:16,6849700.0,6851480.0,2021-04-13 17:22:16
2021-04-13 17:22:19,6850240.0,6853186.0,2021-04-13 17:22:19
2021-04-13 17:22:22,6849012.0,6852888.0,2021-04-13 17:22:22
2021-04-13 17:22:25,6847598.0,6847840.0,2021-04-13 17:22:25
2021-04-13 17:22:28,6843985.0,6847249.0,2021-04-13 17:22:28
2021-04-13 17:22:31,6840485.0,6841598.0,2021-04-13 17:22:31
2021-04-13 17:22:35,6838512.0,6839436.0,2021-04-13 17:22:34
2021-04-13 17:22:38,6837010.0,6841355.0,2021-04-13 17:22:38
2021-04-13 17:22:41,6832501.0,6834127.0,2021-04-13 17:22:41
2021-04-13 17:22:44,6832501.0,6834511.0,2021-04-13 17:22:44
2021-04-13 17:22:47,6832171.0,6833503.0,2021-04-13 17:22:47
2021-04-13 17:22:50,6837912.0,6837932.0,2021-04-13 17:22:50
2021-04-13 17:22:53,6834379.0,6836249.0,2021-04-13 17:22:53
2021-04-13 17:22:56,6834263.0,6836242.0,2021-04-13 17:22:56
2021-04-13 17:22:59,6834924.0,6836461.0,2021-04-13 17:22:59
2021-04-13 17:23:03,6837948.0,6839988.0,2021-04-13 17:23:02
2021-04-13 17:23:06,6841754.0,6844999.0,2021-04-13 17:23:06
2021-04-13 17:23:09,6840735.0,6843831.0,2021-04-13 17:23:09
2021-04-13 17:23:12,6841840.0,6844996.0,2021-04-13 17:23:12
2021-04-13 17:23:15,6842766.0,6844178.0,2021-04-13 17:23:15
2021-04-13 17:23:18,6844372.0,6846889.0,2021-04-13 17:23:18
2021-04-13 17:23:21,6846134.0,6848044.0,2021-04-13 17:23:21
2021-04-13 17:23:24,6851673.0,6853184.0,2021-04-13 17:23:24
2021-04-13 17:23:27,6851673.0,6853184.0,2021-04-13 17:23:27
2021-04-13 17:23:30,6843765.0,6843882.0,2021-04-13 17:23:30
2021-04-13 17:23:34,6841774.0,6844624.0,2021-04-13 17:23:33
2021-04-13 17:23:37,6836740.0,6840012.0,2021-04-13 17:23:37
2021-04-13 17:23:40,6844218.0,6845525.0,2021-04-13 17:23:40
2021-04-13 17:23:43,6841788.0,6843105.0,2021-04-13 17:23:43
2021-04-13 17:23:46,6842780.0,6846287.0,2021-04-13 17:23:46
2021-04-13 17:23:49,6844535.0,6847632.0,2021-04-13 17:23:49
2021-04-13 17:23:52,6850083.0,6852899.0,2021-04-13 17:23:52
2021-04-13 17:23:55,6848196.0,6850221.0,2021-04-13 17:23:55
2021-04-13 17:23:58,6848407.0,6852698.0,2021-04-13 17:23:58
2021-04-13 17:24:01,6846030.0,6847234.0,2021-04-13 17:24:01
2021-04-13 17:24:04,6844532.0,6847903.0,2021-04-13 17:24:04
2021-04-13 17:24:07,6847577.0,6849006.0,2021-04-13 17:24:07
2021-04-13 17:24:10,6844530.0,6845146.0,2021-04-13 17:24:10
2021-04-13 17:24:13,6841837.0,6844064.0,2021-04-13 17:24:13
2021-04-13 17:24:16,6845001.0,6845861.0,2021-04-13 17:24:16
2021-04-13 17:24:19,6844974.0,6846517.0,2021-04-13 17:24:19
2021-04-13 17:24:23,6843083.0,6843522.0,2021-04-13 17:24:22
2021-04-13 17:24:26,6842020.0,6843123.0,2021-04-13 17:24:26
2021-04-13 17:24:29,6837601.0,6839093.0,2021-04-13 17:24:29
2021-04-13 17:24:32,6839738.0,6841559.0,2021-04-13 17:24:32
2021-04-13 17:24:35,6834738.0,6836318.0,2021-04-13 17:24:35
2021-04-13 17:24:38,6833062.0,6835709.0,2021-04-13 17:24:38
2021-04-13 17:24:41,6829202.0,6829506.0,2021-04-13 17:24:41
2021-04-13 17:24:44,6826501.0,6828244.0,2021-04-13 17:24:44
2021-04-13 17:24:47,6825001.0,6826978.0,2021-04-13 17:24:47
2021-04-13 17:24:50,6831268.0,6834145.0,2021-04-13 17:24:50
2021-04-13 17:24:53,6829822.0,6830569.0,2021-04-13 17:24:53
2021-04-13 17:24:56,6824845.0,6828370.0,2021-04-13 17:24:56
2021-04-13 17:24:59,6823691.0,6826259.0,2021-04-13 17:24:59
2021-04-13 17:25:02,6821252.0,6824938.0,2021-04-13 17:25:02
2021-04-13 17:25:05,6821669.0,6823493.0,2021-04-13 17:25:05
2021-04-13 17:25:08,6816441.0,6816872.0,2021-04-13 17:25:08
2021-04-13 17:25:11,6814137.0,6816817.0,2021-04-13 17:25:11
2021-04-13 17:25:15,6806437.0,6808597.0,2021-04-13 17:25:14
2021-04-13 17:25:18,6806495.0,6808618.0,2021-04-13 17:25:18
2021-04-13 17:25:21,6805001.0,6808183.0,2021-04-13 17:25:21
2021-04-13 17:25:24,6808182.0,6812050.0,2021-04-13 17:25:24
2021-04-13 17:25:27,6812734.0,6813608.0,2021-04-13 17:25:27
2021-04-13 17:25:30,6814879.0,6818163.0,2021-04-13 17:25:30
2021-04-13 17:25:33,6817169.0,6820699.0,2021-04-13 17:25:33
2021-04-13 17:25:36,6811380.0,6814180.0,2021-04-13 17:25:36
2021-04-13 17:25:39,6806043.0,6806954.0,2021-04-13 17:25:39
2021-04-13 17:25:42,6813776.0,6815752.0,2021-04-13 17:25:42
2021-04-13 17:25:45,6813790.0,6817083.0,2021-04-13 17:25:45
2021-04-13 17:25:48,6812501.0,6812604.0,2021-04-13 17:25:48
2021-04-13 17:25:51,6811363.0,6811599.0,2021-04-13 17:25:51
2021-04-13 17:25:54,6812422.0,6812672.0,2021-04-13 17:25:54
2021-04-13 17:25:57,6813074.0,6816094.0,2021-04-13 17:25:57
2021-04-13 17:26:00,6815006.0,6816675.0,2021-04-13 17:26:00
2021-04-13 17:26:03,6815242.0,6817472.0,2021-04-13 17:26:03
2021-04-13 17:26:06,6815104.0,6817471.0,2021-04-13 17:26:06
2021-04-13 17:26:09,6815317.0,6816878.0,2021-04-13 17:26:09
2021-04-13 17:26:13,6812752.0,6815258.0,2021-04-13 17:26:12
2021-04-13 17:26:16,6813481.0,6818231.0,2021-04-13 17:26:16
2021-04-13 17:26:19,6813487.0,6817012.0,2021-04-13 17:26:19
2021-04-13 17:26:22,6818762.0,6820622.0,2021-04-13 17:26:22
2021-04-13 17:26:25,6819000.0,6821246.0,2021-04-13 17:26:25
2021-04-13 17:26:28,6823138.0,6824998.0,2021-04-13 17:26:28
2021-04-13 17:26:31,6821339.0,6822538.0,2021-04-13 17:26:31
2021-04-13 17:26:34,6824000.0,6826198.0,2021-04-13 17:26:34
2021-04-13 17:26:37,6823630.0,6827505.0,2021-04-13 17:26:37
2021-04-13 17:26:40,6824134.0,6827833.0,2021-04-13 17:26:40
2021-04-13 17:26:43,6823752.0,6824993.0,2021-04-13 17:26:43
2021-04-13 17:26:46,6824841.0,6828599.0,2021-04-13 17:26:46
2021-04-13 17:26:49,6826251.0,6829999.0,2021-04-13 17:26:49
2021-04-13 17:26:52,6826789.0,6829668.0,2021-04-13 17:26:52
2021-04-13 17:26:55,6821251.0,6821951.0,2021-04-13 17:26:55
2021-04-13 17:26:58,6820339.0,6822765.0,2021-04-13 17:26:58
2021-04-13 17:27:01,6823700.0,6825950.0,2021-04-13 17:27:01
2021-04-13 17:27:05,6822656.0,6827172.0,2021-04-13 17:27:04
2021-04-13 17:27:08,6823494.0,6823749.0,2021-04-13 17:27:08
2021-04-13 17:27:11,6825795.0,6827177.0,2021-04-13 17:27:11
2021-04-13 17:27:14,6826248.0,6828965.0,2021-04-13 17:27:14
2021-04-13 17:27:17,6827276.0,6829653.0,2021-04-13 17:27:17
2021-04-13 17:27:20,6828018.0,6829999.0,2021-04-13 17:27:20
2021-04-13 17:27:23,6827363.0,6830996.0,2021-04-13 17:27:23
2021-04-13 17:27:26,6827281.0,6830996.0,2021-04-13 17:27:26
2021-04-13 17:27:29,6828098.0,6832499.0,2021-04-13 17:27:29
2021-04-13 17:27:32,6830817.0,6832266.0,2021-04-13 17:27:32
2021-04-13 17:27:35,6829555.0,6833562.0,2021-04-13 17:27:35
2021-04-13 17:27:38,6829932.0,6833565.0,2021-04-13 17:27:38
2021-04-13 17:27:41,6833321.0,6834818.0,2021-04-13 17:27:41
2021-04-13 17:27:44,6833473.0,6837498.0,2021-04-13 17:27:44
2021-04-13 17:27:47,6835014.0,6837499.0,2021-04-13 17:27:47
2021-04-13 17:27:50,6833727.0,6837318.0,2021-04-13 17:27:50
2021-04-13 17:27:53,6830782.0,6832277.0,2021-04-13 17:27:53
2021-04-13 17:27:56,6830789.0,6832276.0,2021-04-13 17:27:56
2021-04-13 17:27:59,6833069.0,6835419.0,2021-04-13 17:27:59
2021-04-13 17:28:03,6834635.0,6837814.0,2021-04-13 17:28:02
2021-04-13 17:28:06,6834958.0,6837805.0,2021-04-13 17:28:06
2021-04-13 17:28:09,6834865.0,6838260.0,2021-04-13 17:28:09
2021-04-13 17:28:12,6835537.0,6838617.0,2021-04-13 17:28:12
2021-04-13 17:28:15,6837365.0,6841249.0,2021-04-13 17:28:15
2021-04-13 17:28:18,6837375.0,6841245.0,2021-04-13 17:28:18
2021-04-13 17:28:21,6837872.0,6838749.0,2021-04-13 17:28:21
2021-04-13 17:28:24,6836930.0,6839018.0,2021-04-13 17:28:24
2021-04-13 17:28:27,6831140.0,6831824.0,2021-04-13 17:28:27
2021-04-13 17:28:30,6829270.0,6831824.0,2021-04-13 17:28:30
2021-04-13 17:28:33,6827132.0,6828959.0,2021-04-13 17:28:33
2021-04-13 17:28:36,6826770.0,6829252.0,2021-04-13 17:28:36
2021-04-13 17:28:39,6826360.0,6829726.0,2021-04-13 17:28:39
2021-04-13 17:28:42,6826697.0,6829720.0,2021-04-13 17:28:42
2021-04-13 17:28:45,6835790.0,6837706.0,2021-04-13 17:28:45
2021-04-13 17:28:48,6839242.0,6840132.0,2021-04-13 17:28:48
2021-04-13 17:28:51,6834574.0,6835605.0,2021-04-13 17:28:51
2021-04-13 17:28:54,6834154.0,6834310.0,2021-04-13 17:28:54
2021-04-13 17:28:58,6829731.0,6831054.0,2021-04-13 17:28:57
2021-04-13 17:29:01,6835076.0,6835849.0,2021-04-13 17:29:01
2021-04-13 17:29:04,6835089.0,6835706.0,2021-04-13 17:29:04
2021-04-13 17:29:07,6837501.0,6838805.0,2021-04-13 17:29:07
2021-04-13 17:29:10,6839823.0,6842963.0,2021-04-13 17:29:10
2021-04-13 17:29:13,6842071.0,6844337.0,2021-04-13 17:29:13
2021-04-13 17:29:16,6840865.0,6844852.0,2021-04-13 17:29:16
2021-04-13 17:29:19,6836562.0,6838365.0,2021-04-13 17:29:19
2021-04-13 17:29:22,6845354.0,6846249.0,2021-04-13 17:29:22
2021-04-13 17:29:25,6842355.0,6844721.0,2021-04-13 17:29:25
2021-04-13 17:29:28,6836403.0,6840754.0,2021-04-13 17:29:28
2021-04-13 17:29:31,6843857.0,6845749.0,2021-04-13 17:29:31
2021-04-13 17:29:34,6843761.0,6845895.0,2021-04-13 17:29:34
2021-04-13 17:29:37,6842174.0,6842391.0,2021-04-13 17:29:37
2021-04-13 17:29:40,6842999.0,6845669.0,2021-04-13 17:29:40
2021-04-13 17:29:44,6839219.0,6840753.0,2021-04-13 17:29:43
2021-04-13 17:29:47,6839213.0,6842587.0,2021-04-13 17:29:47
2021-04-13 17:29:50,6839919.0,6843400.0,2021-04-13 17:29:50
2021-04-13 17:29:53,6838751.0,6843021.0,2021-04-13 17:29:53
2021-04-13 17:29:56,6841596.0,6844163.0,2021-04-13 17:29:56
2021-04-13 17:29:59,6841356.0,6846472.0,2021-04-13 17:29:59
2021-04-13 17:30:02,6842019.0,6844387.0,2021-04-13 17:30:02
2021-04-13 17:30:05,6841797.0,6844802.0,2021-04-13 17:30:05
2021-04-13 17:30:08,6845635.0,6850322.0,2021-04-13 17:30:08
2021-04-13 17:30:11,6846524.0,6846839.0,2021-04-13 17:30:11
2021-04-13 17:30:14,6850237.0,6850477.0,2021-04-13 17:30:14
2021-04-13 17:30:18,6847758.0,6848749.0,2021-04-13 17:30:18
2021-04-13 17:30:21,6847758.0,6850464.0,2021-04-13 17:30:21
2021-04-13 17:30:24,6851986.0,6852499.0,2021-04-13 17:30:24
2021-04-13 17:30:27,6851999.0,6854690.0,2021-04-13 17:30:27
2021-04-13 17:30:30,6846376.0,6847672.0,2021-04-13 17:30:30
2021-04-13 17:30:34,6846523.0,6848235.0,2021-04-13 17:30:34
2021-04-13 17:30:37,6851262.0,6853942.0,2021-04-13 17:30:37
2021-04-13 17:30:40,6849665.0,6851213.0,2021-04-13 17:30:40
2021-04-13 17:30:44,6846663.0,6847000.0,2021-04-13 17:30:43
2021-04-13 17:30:47,6845370.0,6847000.0,2021-04-13 17:30:47
2021-04-13 17:30:50,6854056.0,6855748.0,2021-04-13 17:30:50
2021-04-13 17:30:53,6851885.0,6854258.0,2021-04-13 17:30:53
2021-04-13 17:30:56,6859251.0,6859718.0,2021-04-13 17:30:56
2021-04-13 17:31:00,6859660.0,6862390.0,2021-04-13 17:31:00
2021-04-13 17:31:03,6861133.0,6863331.0,2021-04-13 17:31:03
2021-04-13 17:31:06,6869505.0,6870139.0,2021-04-13 17:31:06
2021-04-13 17:31:09,6870146.0,6874300.0,2021-04-13 17:31:09
2021-04-13 17:31:12,6873350.0,6874805.0,2021-04-13 17:31:12
2021-04-13 17:31:15,6873733.0,6876245.0,2021-04-13 17:31:15
2021-04-13 17:31:19,6876455.0,6877697.0,2021-04-13 17:31:19
2021-04-13 17:31:22,6872000.0,6875181.0,2021-04-13 17:31:22
2021-04-13 17:31:25,6868536.0,6870743.0,2021-04-13 17:31:25
2021-04-13 17:31:28,6867501.0,6870289.0,2021-04-13 17:31:28
2021-04-13 17:31:31,6865327.0,6866379.0,2021-04-13 17:31:31
2021-04-13 17:31:34,6867882.0,6872780.0,2021-04-13 17:31:34
2021-04-13 17:31:38,6871705.0,6875703.0,2021-04-13 17:31:37
2021-04-13 17:31:41,6870624.0,6874129.0,2021-04-13 17:31:41
2021-04-13 17:31:45,6869998.0,6874129.0,2021-04-13 17:31:45
2021-04-13 17:31:48,6868617.0,6874025.0,2021-04-13 17:31:48
2021-04-13 17:31:51,6871630.0,6873749.0,2021-04-13 17:31:51
2021-04-13 17:31:54,6870587.0,6873749.0,2021-04-13 17:31:54
2021-04-13 17:31:57,6870228.0,6874699.0,2021-04-13 17:31:57
2021-04-13 17:32:00,6868124.0,6870930.0,2021-04-13 17:32:00
2021-04-13 17:32:03,6866165.0,6867858.0,2021-04-13 17:32:03
2021-04-13 17:32:06,6864892.0,6867659.0,2021-04-13 17:32:06
2021-04-13 17:32:09,6866625.0,6867836.0,2021-04-13 17:32:09
2021-04-13 17:32:12,6871430.0,6873225.0,2021-04-13 17:32:12
2021-04-13 17:32:15,6873313.0,6874097.0,2021-04-13 17:32:15
2021-04-13 17:32:18,6870367.0,6872499.0,2021-04-13 17:32:18
2021-04-13 17:32:21,6871249.0,6873093.0,2021-04-13 17:32:21
2021-04-13 17:32:25,6863380.0,6864031.0,2021-04-13 17:32:24
2021-04-13 17:32:28,6860387.0,6862083.0,2021-04-13 17:32:28
2021-04-13 17:32:32,6859310.0,6861335.0,2021-04-13 17:32:32
2021-04-13 17:32:35,6857689.0,6861089.0,2021-04-13 17:32:35
2021-04-13 17:32:38,6855154.0,6856764.0,2021-04-13 17:32:38
2021-04-13 17:32:41,6858290.0,6860542.0,2021-04-13 17:32:41
2021-04-13 17:32:44,6856700.0,6857499.0,2021-04-13 17:32:44
2021-04-13 17:32:47,6853914.0,6854650.0,2021-04-13 17:32:47
2021-04-13 17:32:50,6850155.0,6853966.0,2021-04-13 17:32:50
2021-04-13 17:32:53,6849438.0,6853157.0,2021-04-13 17:32:53
2021-04-13 17:32:56,6852117.0,6856114.0,2021-04-13 17:32:56
2021-04-13 17:32:59,6857151.0,6857435.0,2021-04-13 17:32:59
2021-04-13 17:33:03,6856363.0,6856543.0,2021-04-13 17:33:03
2021-04-13 17:33:06,6856658.0,6858749.0,2021-04-13 17:33:06
2021-04-13 17:33:09,6859742.0,6861240.0,2021-04-13 17:33:09
2021-04-13 17:33:12,6861353.0,6861859.0,2021-04-13 17:33:12
2021-04-13 17:33:15,6860610.0,6863749.0,2021-04-13 17:33:15
2021-04-13 17:33:18,6861268.0,6865086.0,2021-04-13 17:33:18
2021-04-13 17:33:22,6867993.0,6869592.0,2021-04-13 17:33:21
2021-04-13 17:33:25,6868011.0,6870208.0,2021-04-13 17:33:25
2021-04-13 17:33:28,6866647.0,6869103.0,2021-04-13 17:33:28
2021-04-13 17:33:31,6864711.0,6868632.0,2021-04-13 17:33:31
2021-04-13 17:33:34,6862861.0,6866776.0,2021-04-13 17:33:34
2021-04-13 17:33:37,6861755.0,6865537.0,2021-04-13 17:33:37
2021-04-13 17:33:40,6862438.0,6865973.0,2021-04-13 17:33:40
2021-04-13 17:33:43,6862935.0,6865371.0,2021-04-13 17:33:43
2021-04-13 17:33:46,6866376.0,6869377.0,2021-04-13 17:33:46
2021-04-13 17:33:49,6865349.0,6867868.0,2021-04-13 17:33:49
2021-04-13 17:33:52,6865720.0,6869371.0,2021-04-13 17:33:52
2021-04-13 17:33:55,6865729.0,6868861.0,2021-04-13 17:33:55
2021-04-13 17:33:58,6863154.0,6864372.0,2021-04-13 17:33:58
2021-04-13 17:34:01,6862534.0,6863997.0,2021-04-13 17:34:01
2021-04-13 17:34:04,6864060.0,6866095.0,2021-04-13 17:34:04
2021-04-13 17:34:07,6864060.0,6866082.0,2021-04-13 17:34:07
2021-04-13 17:34:10,6861251.0,6862376.0,2021-04-13 17:34:10
2021-04-13 17:34:14,6861960.0,6863454.0,2021-04-13 17:34:13
2021-04-13 17:34:17,6865638.0,6866308.0,2021-04-13 17:34:17
2021-04-13 17:34:20,6859397.0,6863748.0,2021-04-13 17:34:20
2021-04-13 17:34:23,6859453.0,6861669.0,2021-04-13 17:34:23
2021-04-13 17:34:26,6853014.0,6855865.0,2021-04-13 17:34:26
2021-04-13 17:34:29,6846677.0,6851463.0,2021-04-13 17:34:29
2021-04-13 17:34:32,6849059.0,6849356.0,2021-04-13 17:34:32
2021-04-13 17:34:35,6845751.0,6846117.0,2021-04-13 17:34:35
2021-04-13 17:34:38,6845637.0,6846019.0,2021-04-13 17:34:38
2021-04-13 17:34:41,6838752.0,6840081.0,2021-04-13 17:34:41
2021-04-13 17:34:44,6841117.0,6842769.0,2021-04-13 17:34:44
2021-04-13 17:34:47,6843557.0,6844806.0,2021-04-13 17:34:47
2021-04-13 17:34:50,6841195.0,6845415.0,2021-04-13 17:34:50
2021-04-13 17:34:53,6844763.0,6844999.0,2021-04-13 17:34:53
2021-04-13 17:34:56,6848193.0,6850291.0,2021-04-13 17:34:56
2021-04-13 17:34:59,6848878.0,6850151.0,2021-04-13 17:34:59
2021-04-13 17:35:02,6853978.0,6854984.0,2021-04-13 17:35:02
2021-04-13 17:35:06,6854272.0,6856460.0,2021-04-13 17:35:06
2021-04-13 17:35:09,6856054.0,6856460.0,2021-04-13 17:35:09
2021-04-13 17:35:13,6854648.0,6856460.0,2021-04-13 17:35:12
2021-04-13 17:35:16,6854744.0,6858139.0,2021-04-13 17:35:16
2021-04-13 17:35:19,6855395.0,6858128.0,2021-04-13 17:35:19
2021-04-13 17:35:22,6850407.0,6852153.0,2021-04-13 17:35:22
2021-04-13 17:35:25,6847501.0,6848236.0,2021-04-13 17:35:25
2021-04-13 17:35:28,6845546.0,6848370.0,2021-04-13 17:35:28
2021-04-13 17:35:31,6845544.0,6848078.0,2021-04-13 17:35:31
2021-04-13 17:35:34,6843016.0,6844991.0,2021-04-13 17:35:34
2021-04-13 17:35:38,6843275.0,6846811.0,2021-04-13 17:35:38
2021-04-13 17:35:41,6841482.0,6842166.0,2021-04-13 17:35:41
2021-04-13 17:35:44,6841251.0,6843613.0,2021-04-13 17:35:44
2021-04-13 17:35:47,6841251.0,6843289.0,2021-04-13 17:35:47
2021-04-13 17:35:51,6845944.0,6846232.0,2021-04-13 17:35:50
2021-04-13 17:35:54,6846125.0,6848126.0,2021-04-13 17:35:54
2021-04-13 17:35:57,6845118.0,6847824.0,2021-04-13 17:35:57
2021-04-13 17:36:00,6841644.0,6842938.0,2021-04-13 17:36:00
2021-04-13 17:36:03,6841089.0,6844648.0,2021-04-13 17:36:03
2021-04-13 17:36:06,6844222.0,6846457.0,2021-04-13 17:36:06
2021-04-13 17:36:09,6846186.0,6846249.0,2021-04-13 17:36:09
2021-04-13 17:36:12,6849203.0,6851021.0,2021-04-13 17:36:12
2021-04-13 17:36:16,6852815.0,6853103.0,2021-04-13 17:36:16
2021-04-13 17:36:19,6855295.0,6856247.0,2021-04-13 17:36:19
2021-04-13 17:36:22,6853933.0,6856246.0,2021-04-13 17:36:22
2021-04-13 17:36:25,6852050.0,6852724.0,2021-04-13 17:36:25
2021-04-13 17:36:29,6853584.0,6855063.0,2021-04-13 17:36:29
2021-04-13 17:36:32,6852087.0,6853991.0,2021-04-13 17:36:32
2021-04-13 17:36:35,6855848.0,6857392.0,2021-04-13 17:36:35
2021-04-13 17:36:38,6852348.0,6852720.0,2021-04-13 17:36:38
2021-04-13 17:36:41,6855001.0,6857696.0,2021-04-13 17:36:41
2021-04-13 17:36:44,6852120.0,6854413.0,2021-04-13 17:36:44
2021-04-13 17:36:47,6848751.0,6849502.0,2021-04-13 17:36:47
2021-04-13 17:36:50,6850221.0,6850222.0,2021-04-13 17:36:50
2021-04-13 17:36:53,6852431.0,6852998.0,2021-04-13 17:36:53
2021-04-13 17:36:57,6852441.0,6855490.0,2021-04-13 17:36:56
2021-04-13 17:37:00,6853199.0,6856249.0,2021-04-13 17:37:00
2021-04-13 17:37:03,6849699.0,6851975.0,2021-04-13 17:37:03
2021-04-13 17:37:06,6848346.0,6848775.0,2021-04-13 17:37:06
2021-04-13 17:37:09,6843544.0,6843634.0,2021-04-13 17:37:09
2021-04-13 17:37:12,6842895.0,6846247.0,2021-04-13 17:37:12
2021-04-13 17:37:16,6842912.0,6846197.0,2021-04-13 17:37:16
2021-04-13 17:37:19,6845629.0,6849826.0,2021-04-13 17:37:19
2021-04-13 17:37:22,6851662.0,6851974.0,2021-04-13 17:37:22
2021-04-13 17:37:25,6849509.0,6851974.0,2021-04-13 17:37:25
2021-04-13 17:37:28,6849234.0,6850800.0,2021-04-13 17:37:28
2021-04-13 17:37:31,6847192.0,6850330.0,2021-04-13 17:37:31
2021-04-13 17:37:35,6847609.0,6850739.0,2021-04-13 17:37:34
2021-04-13 17:37:38,6848751.0,6851350.0,2021-04-13 17:37:38
2021-04-13 17:37:41,6852455.0,6852499.0,2021-04-13 17:37:41
2021-04-13 17:37:44,6853511.0,6855000.0,2021-04-13 17:37:44
2021-04-13 17:37:47,6853802.0,6856249.0,2021-04-13 17:37:47
2021-04-13 17:37:50,6856753.0,6859999.0,2021-04-13 17:37:50
2021-04-13 17:37:53,6859214.0,6860577.0,2021-04-13 17:37:53
2021-04-13 17:37:56,6860035.0,6860664.0,2021-04-13 17:37:56
2021-04-13 17:37:59,6860035.0,6861277.0,2021-04-13 17:37:59
2021-04-13 17:38:03,6860538.0,6862499.0,2021-04-13 17:38:02
2021-04-13 17:38:06,6864115.0,6864973.0,2021-04-13 17:38:06
2021-04-13 17:38:09,6864127.0,6864319.0,2021-04-13 17:38:09
2021-04-13 17:38:12,6860905.0,6864025.0,2021-04-13 17:38:12
2021-04-13 17:38:15,6861251.0,6865105.0,2021-04-13 17:38:15
2021-04-13 17:38:18,6863751.0,6864833.0,2021-04-13 17:38:18
2021-04-13 17:38:21,6864177.0,6866240.0,2021-04-13 17:38:21
2021-04-13 17:38:24,6865133.0,6867855.0,2021-04-13 17:38:24
2021-04-13 17:38:27,6863455.0,6867814.0,2021-04-13 17:38:27
